,drug,dose,well,sample
Dex_0.0_AC08,Dex,0.0,AC08,Dex_0.0_AC08
Dex_0.0_AD04,Dex,0.0,AD04,Dex_0.0_AD04
Dex_0.0_AD12,Dex,0.0,AD12,Dex_0.0_AD12
Dex_0.0_BC08,Dex,0.0,BC08,Dex_0.0_BC08
Dex_0.0_BD04,Dex,0.0,BD04,Dex_0.0_BD04
Dex_0.0_BD12,Dex,0.0,BD12,Dex_0.0_BD12
Dex_0.1_AC07,Dex,0.1,AC07,Dex_0.1_AC07
Dex_0.1_AD03,Dex,0.1,AD03,Dex_0.1_AD03
Dex_0.1_AD11,Dex,0.1,AD11,Dex_0.1_AD11
Dex_0.1_BC07,Dex,0.1,BC07,Dex_0.1_BC07
Dex_0.1_BD03,Dex,0.1,BD03,Dex_0.1_BD03
Dex_0.1_BD11,Dex,0.1,BD11,Dex_0.1_BD11
Dex_0.5_AC06,Dex,0.5,AC06,Dex_0.5_AC06
Dex_0.5_AD02,Dex,0.5,AD02,Dex_0.5_AD02
Dex_0.5_AD10,Dex,0.5,AD10,Dex_0.5_AD10
Dex_0.5_BC06,Dex,0.5,BC06,Dex_0.5_BC06
Dex_0.5_BD02,Dex,0.5,BD02,Dex_0.5_BD02
Dex_0.5_BD10,Dex,0.5,BD10,Dex_0.5_BD10
Dex_1.0_AC05,Dex,1.0,AC05,Dex_1.0_AC05
Dex_1.0_AD01,Dex,1.0,AD01,Dex_1.0_AD01
Dex_1.0_AD09,Dex,1.0,AD09,Dex_1.0_AD09
Dex_1.0_BC05,Dex,1.0,BC05,Dex_1.0_BC05
Dex_1.0_BD01,Dex,1.0,BD01,Dex_1.0_BD01
Dex_1.0_BD09,Dex,1.0,BD09,Dex_1.0_BD09
Dex_5.0_AC04,Dex,5.0,AC04,Dex_5.0_AC04
Dex_5.0_AC12,Dex,5.0,AC12,Dex_5.0_AC12
Dex_5.0_AD08,Dex,5.0,AD08,Dex_5.0_AD08
Dex_5.0_BC04,Dex,5.0,BC04,Dex_5.0_BC04
Dex_5.0_BC12,Dex,5.0,BC12,Dex_5.0_BC12
Dex_5.0_BD08,Dex,5.0,BD08,Dex_5.0_BD08
Dex_10.0_AC03,Dex,10.0,AC03,Dex_10.0_AC03
Dex_10.0_AC11,Dex,10.0,AC11,Dex_10.0_AC11
Dex_10.0_AD07,Dex,10.0,AD07,Dex_10.0_AD07
Dex_10.0_BC03,Dex,10.0,BC03,Dex_10.0_BC03
Dex_10.0_BC11,Dex,10.0,BC11,Dex_10.0_BC11
Dex_10.0_BD07,Dex,10.0,BD07,Dex_10.0_BD07
Dex_50.0_AC02,Dex,50.0,AC02,Dex_50.0_AC02
Dex_50.0_AC10,Dex,50.0,AC10,Dex_50.0_AC10
Dex_50.0_AD06,Dex,50.0,AD06,Dex_50.0_AD06
Dex_50.0_BC02,Dex,50.0,BC02,Dex_50.0_BC02
Dex_50.0_BC10,Dex,50.0,BC10,Dex_50.0_BC10
Dex_50.0_BD06,Dex,50.0,BD06,Dex_50.0_BD06
Dex_100.0_AC01,Dex,100.0,AC01,Dex_100.0_AC01
Dex_100.0_AC09,Dex,100.0,AC09,Dex_100.0_AC09
Dex_100.0_AD05,Dex,100.0,AD05,Dex_100.0_AD05
Dex_100.0_BC01,Dex,100.0,BC01,Dex_100.0_BC01
Dex_100.0_BC09,Dex,100.0,BC09,Dex_100.0_BC09
Dex_100.0_BD05,Dex,100.0,BD05,Dex_100.0_BD05
Nutlin_0.0_AA08,Nutlin,0.0,AA08,Nutlin_0.0_AA08
Nutlin_0.0_AB04,Nutlin,0.0,AB04,Nutlin_0.0_AB04
Nutlin_0.0_AB12,Nutlin,0.0,AB12,Nutlin_0.0_AB12
Nutlin_0.0_BA08,Nutlin,0.0,BA08,Nutlin_0.0_BA08
Nutlin_0.0_BB04,Nutlin,0.0,BB04,Nutlin_0.0_BB04
Nutlin_0.0_BB12,Nutlin,0.0,BB12,Nutlin_0.0_BB12
Nutlin_0.1_AA07,Nutlin,0.1,AA07,Nutlin_0.1_AA07
Nutlin_0.1_AB03,Nutlin,0.1,AB03,Nutlin_0.1_AB03
Nutlin_0.1_AB11,Nutlin,0.1,AB11,Nutlin_0.1_AB11
Nutlin_0.1_BA07,Nutlin,0.1,BA07,Nutlin_0.1_BA07
Nutlin_0.1_BB03,Nutlin,0.1,BB03,Nutlin_0.1_BB03
Nutlin_0.1_BB11,Nutlin,0.1,BB11,Nutlin_0.1_BB11
Nutlin_0.5_AA06,Nutlin,0.5,AA06,Nutlin_0.5_AA06
Nutlin_0.5_AB02,Nutlin,0.5,AB02,Nutlin_0.5_AB02
Nutlin_0.5_AB10,Nutlin,0.5,AB10,Nutlin_0.5_AB10
Nutlin_0.5_BA06,Nutlin,0.5,BA06,Nutlin_0.5_BA06
Nutlin_0.5_BB02,Nutlin,0.5,BB02,Nutlin_0.5_BB02
Nutlin_0.5_BB10,Nutlin,0.5,BB10,Nutlin_0.5_BB10
Nutlin_1.0_AA05,Nutlin,1.0,AA05,Nutlin_1.0_AA05
Nutlin_1.0_AB01,Nutlin,1.0,AB01,Nutlin_1.0_AB01
Nutlin_1.0_AB09,Nutlin,1.0,AB09,Nutlin_1.0_AB09
Nutlin_1.0_BA05,Nutlin,1.0,BA05,Nutlin_1.0_BA05
Nutlin_1.0_BB01,Nutlin,1.0,BB01,Nutlin_1.0_BB01
Nutlin_1.0_BB09,Nutlin,1.0,BB09,Nutlin_1.0_BB09
Nutlin_5.0_AA04,Nutlin,5.0,AA04,Nutlin_5.0_AA04
Nutlin_5.0_AA12,Nutlin,5.0,AA12,Nutlin_5.0_AA12
Nutlin_5.0_AB08,Nutlin,5.0,AB08,Nutlin_5.0_AB08
Nutlin_5.0_BA04,Nutlin,5.0,BA04,Nutlin_5.0_BA04
Nutlin_5.0_BA12,Nutlin,5.0,BA12,Nutlin_5.0_BA12
Nutlin_5.0_BB08,Nutlin,5.0,BB08,Nutlin_5.0_BB08
Nutlin_10.0_AA03,Nutlin,10.0,AA03,Nutlin_10.0_AA03
Nutlin_10.0_AA11,Nutlin,10.0,AA11,Nutlin_10.0_AA11
Nutlin_10.0_AB07,Nutlin,10.0,AB07,Nutlin_10.0_AB07
Nutlin_10.0_BA03,Nutlin,10.0,BA03,Nutlin_10.0_BA03
Nutlin_10.0_BA11,Nutlin,10.0,BA11,Nutlin_10.0_BA11
Nutlin_10.0_BB07,Nutlin,10.0,BB07,Nutlin_10.0_BB07
Nutlin_50.0_AA02,Nutlin,50.0,AA02,Nutlin_50.0_AA02
Nutlin_50.0_AA10,Nutlin,50.0,AA10,Nutlin_50.0_AA10
Nutlin_50.0_AB06,Nutlin,50.0,AB06,Nutlin_50.0_AB06
Nutlin_50.0_BA02,Nutlin,50.0,BA02,Nutlin_50.0_BA02
Nutlin_50.0_BA10,Nutlin,50.0,BA10,Nutlin_50.0_BA10
Nutlin_50.0_BB06,Nutlin,50.0,BB06,Nutlin_50.0_BB06
Nutlin_100.0_AA01,Nutlin,100.0,AA01,Nutlin_100.0_AA01
Nutlin_100.0_AA09,Nutlin,100.0,AA09,Nutlin_100.0_AA09
Nutlin_100.0_AB05,Nutlin,100.0,AB05,Nutlin_100.0_AB05
Nutlin_100.0_BA01,Nutlin,100.0,BA01,Nutlin_100.0_BA01
Nutlin_100.0_BA09,Nutlin,100.0,BA09,Nutlin_100.0_BA09
Nutlin_100.0_BB05,Nutlin,100.0,BB05,Nutlin_100.0_BB05
BMS_0.0_AG08,BMS,0.0,AG08,BMS_0.0_AG08
BMS_0.0_AH04,BMS,0.0,AH04,BMS_0.0_AH04
BMS_0.0_AH12,BMS,0.0,AH12,BMS_0.0_AH12
BMS_0.0_BG08,BMS,0.0,BG08,BMS_0.0_BG08
BMS_0.0_BH04,BMS,0.0,BH04,BMS_0.0_BH04
BMS_0.0_BH12,BMS,0.0,BH12,BMS_0.0_BH12
BMS_0.1_AG07,BMS,0.1,AG07,BMS_0.1_AG07
BMS_0.1_AH03,BMS,0.1,AH03,BMS_0.1_AH03
BMS_0.1_AH11,BMS,0.1,AH11,BMS_0.1_AH11
BMS_0.1_BG07,BMS,0.1,BG07,BMS_0.1_BG07
BMS_0.1_BH03,BMS,0.1,BH03,BMS_0.1_BH03
BMS_0.1_BH11,BMS,0.1,BH11,BMS_0.1_BH11
BMS_0.5_AG06,BMS,0.5,AG06,BMS_0.5_AG06
BMS_0.5_AH02,BMS,0.5,AH02,BMS_0.5_AH02
BMS_0.5_AH10,BMS,0.5,AH10,BMS_0.5_AH10
BMS_0.5_BG06,BMS,0.5,BG06,BMS_0.5_BG06
BMS_0.5_BH02,BMS,0.5,BH02,BMS_0.5_BH02
BMS_0.5_BH10,BMS,0.5,BH10,BMS_0.5_BH10
BMS_1.0_AG05,BMS,1.0,AG05,BMS_1.0_AG05
BMS_1.0_AH01,BMS,1.0,AH01,BMS_1.0_AH01
BMS_1.0_AH09,BMS,1.0,AH09,BMS_1.0_AH09
BMS_1.0_BG05,BMS,1.0,BG05,BMS_1.0_BG05
BMS_1.0_BH01,BMS,1.0,BH01,BMS_1.0_BH01
BMS_1.0_BH09,BMS,1.0,BH09,BMS_1.0_BH09
BMS_5.0_AG04,BMS,5.0,AG04,BMS_5.0_AG04
BMS_5.0_AG12,BMS,5.0,AG12,BMS_5.0_AG12
BMS_5.0_AH08,BMS,5.0,AH08,BMS_5.0_AH08
BMS_5.0_BG04,BMS,5.0,BG04,BMS_5.0_BG04
BMS_5.0_BG12,BMS,5.0,BG12,BMS_5.0_BG12
BMS_5.0_BH08,BMS,5.0,BH08,BMS_5.0_BH08
BMS_10.0_AG03,BMS,10.0,AG03,BMS_10.0_AG03
BMS_10.0_AG11,BMS,10.0,AG11,BMS_10.0_AG11
BMS_10.0_AH07,BMS,10.0,AH07,BMS_10.0_AH07
BMS_10.0_BG03,BMS,10.0,BG03,BMS_10.0_BG03
BMS_10.0_BG11,BMS,10.0,BG11,BMS_10.0_BG11
BMS_10.0_BH07,BMS,10.0,BH07,BMS_10.0_BH07
BMS_50.0_AG02,BMS,50.0,AG02,BMS_50.0_AG02
BMS_50.0_AG10,BMS,50.0,AG10,BMS_50.0_AG10
BMS_50.0_AH06,BMS,50.0,AH06,BMS_50.0_AH06
BMS_50.0_BG02,BMS,50.0,BG02,BMS_50.0_BG02
BMS_50.0_BG10,BMS,50.0,BG10,BMS_50.0_BG10
BMS_50.0_BH06,BMS,50.0,BH06,BMS_50.0_BH06
BMS_100.0_AG01,BMS,100.0,AG01,BMS_100.0_AG01
BMS_100.0_AG09,BMS,100.0,AG09,BMS_100.0_AG09
BMS_100.0_AH05,BMS,100.0,AH05,BMS_100.0_AH05
BMS_100.0_BG01,BMS,100.0,BG01,BMS_100.0_BG01
BMS_100.0_BG09,BMS,100.0,BG09,BMS_100.0_BG09
BMS_100.0_BH05,BMS,100.0,BH05,BMS_100.0_BH05
SAHA_0.0_AE08,SAHA,0.0,AE08,SAHA_0.0_AE08
SAHA_0.0_AF04,SAHA,0.0,AF04,SAHA_0.0_AF04
SAHA_0.0_AF12,SAHA,0.0,AF12,SAHA_0.0_AF12
SAHA_0.0_BE08,SAHA,0.0,BE08,SAHA_0.0_BE08
SAHA_0.0_BF04,SAHA,0.0,BF04,SAHA_0.0_BF04
SAHA_0.0_BF12,SAHA,0.0,BF12,SAHA_0.0_BF12
SAHA_0.1_AE07,SAHA,0.1,AE07,SAHA_0.1_AE07
SAHA_0.1_AF03,SAHA,0.1,AF03,SAHA_0.1_AF03
SAHA_0.1_AF11,SAHA,0.1,AF11,SAHA_0.1_AF11
SAHA_0.1_BE07,SAHA,0.1,BE07,SAHA_0.1_BE07
SAHA_0.1_BF03,SAHA,0.1,BF03,SAHA_0.1_BF03
SAHA_0.1_BF11,SAHA,0.1,BF11,SAHA_0.1_BF11
SAHA_0.5_AE06,SAHA,0.5,AE06,SAHA_0.5_AE06
SAHA_0.5_AF02,SAHA,0.5,AF02,SAHA_0.5_AF02
SAHA_0.5_AF10,SAHA,0.5,AF10,SAHA_0.5_AF10
SAHA_0.5_BE06,SAHA,0.5,BE06,SAHA_0.5_BE06
SAHA_0.5_BF02,SAHA,0.5,BF02,SAHA_0.5_BF02
SAHA_0.5_BF10,SAHA,0.5,BF10,SAHA_0.5_BF10
SAHA_1.0_AE05,SAHA,1.0,AE05,SAHA_1.0_AE05
SAHA_1.0_AF01,SAHA,1.0,AF01,SAHA_1.0_AF01
SAHA_1.0_AF09,SAHA,1.0,AF09,SAHA_1.0_AF09
SAHA_1.0_BE05,SAHA,1.0,BE05,SAHA_1.0_BE05
SAHA_1.0_BF01,SAHA,1.0,BF01,SAHA_1.0_BF01
SAHA_1.0_BF09,SAHA,1.0,BF09,SAHA_1.0_BF09
SAHA_5.0_AE04,SAHA,5.0,AE04,SAHA_5.0_AE04
SAHA_5.0_AE12,SAHA,5.0,AE12,SAHA_5.0_AE12
SAHA_5.0_AF08,SAHA,5.0,AF08,SAHA_5.0_AF08
SAHA_5.0_BE04,SAHA,5.0,BE04,SAHA_5.0_BE04
SAHA_5.0_BE12,SAHA,5.0,BE12,SAHA_5.0_BE12
SAHA_5.0_BF08,SAHA,5.0,BF08,SAHA_5.0_BF08
SAHA_10.0_AE03,SAHA,10.0,AE03,SAHA_10.0_AE03
SAHA_10.0_AE11,SAHA,10.0,AE11,SAHA_10.0_AE11
SAHA_10.0_AF07,SAHA,10.0,AF07,SAHA_10.0_AF07
SAHA_10.0_BE03,SAHA,10.0,BE03,SAHA_10.0_BE03
SAHA_10.0_BE11,SAHA,10.0,BE11,SAHA_10.0_BE11
SAHA_10.0_BF07,SAHA,10.0,BF07,SAHA_10.0_BF07
SAHA_50.0_AE02,SAHA,50.0,AE02,SAHA_50.0_AE02
SAHA_50.0_AE10,SAHA,50.0,AE10,SAHA_50.0_AE10
SAHA_50.0_AF06,SAHA,50.0,AF06,SAHA_50.0_AF06
SAHA_50.0_BE02,SAHA,50.0,BE02,SAHA_50.0_BE02
SAHA_50.0_BE10,SAHA,50.0,BE10,SAHA_50.0_BE10
SAHA_50.0_BF06,SAHA,50.0,BF06,SAHA_50.0_BF06
SAHA_100.0_AE01,SAHA,100.0,AE01,SAHA_100.0_AE01
SAHA_100.0_AF05,SAHA,100.0,AF05,SAHA_100.0_AF05
SAHA_100.0_BE01,SAHA,100.0,BE01,SAHA_100.0_BE01
SAHA_100.0_BE09,SAHA,100.0,BE09,SAHA_100.0_BE09
SAHA_100.0_BF05,SAHA,100.0,BF05,SAHA_100.0_BF05
SAHA_100.0_E09,SAHA,100.0,E09,SAHA_100.0_E09
