Gene_set,Term,Overlap,P-value,Adjusted P-value,Old P-value,Old Adjusted P-value,Odds Ratio,Combined Score,Genes,direction
MSigDB_Hallmark_2020,p53 Pathway,62/200,2.9783999613420535e-48,1.2509279837636628e-46,0,0,18.04480400132574,1974.6915909528263,CYFIP2;CCNK;CDKN1A;BTG2;CD82;DGKA;RNF19B;TRIAP1;TM7SF3;SAT1;PIDD1;GM2A;SESN1;FDXR;HRAS;POLH;PHLDA3;APAF1;RHBDF2;TAP1;AEN;PRKAB1;DDB2;VAMP8;RAP2B;MAPKAPK3;TRAF4;NINJ1;NUPR1;ANKRA2;ISCU;RETSAT;RRAD;EI24;HSPA4L;AK1;PDGFA;RPS27L;XPC;PPM1D;DRAM1;ZMAT3;MKNK2;CLCA2;SFN;EPS8L2;BAK1;RALGDS;PLK3;GADD45A;FUCA1;LIF;BLCAP;PTPRE;CCNG1;MDM2;TNFSF9;SDC1;FAS;PLXNB2;COQ8A;FGF13,up
MSigDB_Hallmark_2020,Epithelial Mesenchymal Transition,16/200,0.00011933916065614091,0.0016707482491859,0,0,3.1801006517614057,28.727569714385837,FBN2;SERPINE2;SDC4;LRP1;GADD45A;FUCA1;ITGA2;DKK1;SAT1;ACTA2;VCAN;GPC1;COL7A1;SDC1;FAS;FBN1,up
MSigDB_Hallmark_2020,Inflammatory Response,16/200,0.00011933916065614091,0.0016707482491859,0,0,3.1801006517614057,28.727569714385837,ABCA1;CDKN1A;BTG2;CSF1;CD82;TNFSF15;CD70;LIF;PTPRE;GPR132;AXL;ADORA2B;TNFSF9;ITGB8;TLR3;KCNJ2,up
MSigDB_Hallmark_2020,TNF-alpha Signaling via NF-kB,15/200,0.0003872395272352165,0.0040660150359697,0,0,2.95945945945946,23.25089594500716,ABCA1;BTG2;CDKN1A;TNFAIP8;SDC4;CSF1;GADD45A;LIF;RNF19B;TAP1;SAT1;PTPRE;DRAM1;NINJ1;TNFSF9,up
MSigDB_Hallmark_2020,Apoptosis,12/161,0.0015200061680842,0.0127680518119079,0,0,2.9284495506768287,19.00282886746325,CDKN1A;BTG2;GPX1;RETSAT;GADD45A;FEZ1;FDXR;TAP1;PMAIP1;FAS;SAT1;BCL2L1,up
MSigDB_Hallmark_2020,Apical Junction,12/200,0.0086936803390324,0.060855762373227,0,0,2.316263974035341,10.991040646092545,GAMT;COL17A1;VCAN;ITGA3;ITGA2;ADAM23;PARD6G;NECTIN4;HRAS;GNAI1;DSC3;FBN1,up
MSigDB_Hallmark_2020,Cholesterol Homeostasis,6/74,0.0152233375635856,0.0913400253815138,0,0,3.185836345711469,13.3324882799285,ANXA13;SEMA3B;TP53INP1;HSD17B7;GNAI1;TM7SF2,up
MSigDB_Hallmark_2020,Estrogen Response Early,11/200,0.0210584845653242,0.1105570439679522,0,0,2.107928551537574,8.137556429459195,KRT19;KDM4B;MAST4;PODXL;GREB1;SEMA3B;PMAIP1;SFN;NADSYN1;RHOD;CELSR2,up
MSigDB_Hallmark_2020,Apical Surface,4/44,0.0310035905835369,0.1446834227231722,0,0,3.6024118738404454,12.513526132350687,SRPX;RTN4RL1;RHCG;SULF2,up
MSigDB_Hallmark_2020,Coagulation,8/138,0.0347766862425458,0.1460620822186926,0,0,2.2230913012221425,7.466936963471516,F8;LRP1;ITGA2;CRIP2;ISCU;C2;FBN1;DUSP14,up
MSigDB_Hallmark_2020,Estrogen Response Late,10/200,0.0469368587464534,0.1792134606682767,0,0,1.9025377703169744,5.819771739296423,KRT19;GALE;HSPA4L;SEMA3B;CPE;SFN;PLXNB1;CYP4F11;CELSR2;ASS1,up
MSigDB_Hallmark_2020,Myogenesis,9/200,0.0958220524250198,0.2874661572750594,0,0,1.700041178892876,3.98704270319511,HDAC5;CDKN1A;GAA;AK1;BDKRB2;PLXNB2;APOD;IGFBP7;AGRN,up
MSigDB_Hallmark_2020,Xenobiotic Metabolism,9/200,0.0958220524250198,0.2874661572750594,0,0,1.700041178892876,3.98704270319511,CYFIP2;ALDH3A1;SLC12A4;RETSAT;NINJ1;FAS;CROT;SERPINA6;DHRS1,up
MSigDB_Hallmark_2020,KRAS Signaling Up,9/200,0.0958220524250198,0.2874661572750594,0,0,1.700041178892876,3.98704270319511,ADGRA2;FUCA1;ITGA2;SEMA3B;LIF;CPE;APOD;CROT;KCNN4,up
MSigDB_Hallmark_2020,Wnt-beta Catenin Signaling,3/42,0.1051453243041998,0.2944069080517595,0,0,2.766096866096866,6.2303893448785725,HDAC5;DKK1;GNAI1,up
MSigDB_Hallmark_2020,E2F Targets,92/200,2.452493402782422e-100,8.82897625001672e-99,0,0,48.46588693957115,11116.203878294646,TOP2A;POP7;MCM7;SUV39H1;DSCC1;HMGB2;BUB1B;BRCA1;MKI67;BRCA2;SMC4;CKS1B;LMNB1;CDC20;PTTG1;CHEK1;STMN1;MYBL2;TK1;KPNA2;POLE;DLGAP5;TMPO;TCF19;HELLS;RFC3;RFC2;TUBB;KIF22;CDC25A;CIT;MMS22L;MELK;ESPL1;CKS2;DEPDC1;TIMELESS;MCM3;MCM4;BIRC5;KIF2C;MCM5;MCM6;ASF1B;MCM2;PRIM2;NUP205;DNMT1;RNASEH2A;CDCA3;SHMT1;CDCA8;HMMR;AURKB;UNG;AURKA;RAD51AP1;CCNB2;ORC6;RACGAP1;RAD21;POLD1;E2F8;PLK4;BARD1;GINS1;RANBP1;RRM2;SPAG5;GINS3;PLK1;GINS4;ATAD2;RPA2;CENPE;POLA2;WEE1;KIF18B;DIAPH3;UBE2S;KIF4A;ANP32E;TACC3;CDK1;CENPM;NCAPD2;TRIP13;SPC24;EZH2;MAD2L1;CDKN3;SPC25,down
MSigDB_Hallmark_2020,G2-M Checkpoint,82/200,5.559076858148734e-84,1.0006338344667722e-82,0,0,38.394067796610166,7360.2086712216,TOP2A;SUV39H1;CCNF;KIF11;MKI67;BRCA2;SMC4;SMC2;KIF15;LMNB1;CKS1B;CDC20;CHAF1A;PTTG1;EXO1;CHEK1;STMN1;PBK;NUSAP1;NEK2;MYBL2;FBXO5;KPNA2;POLE;TMPO;KIF23;KNL1;KIF22;CDC25A;TRAIP;CCNA2;DBF4;RBL1;ESPL1;INCENP;CKS2;MCM3;BIRC5;KIF2C;MCM5;MCM6;KIF20B;MCM2;PRIM2;DTYMK;TROAP;TTK;HMMR;AURKB;AURKA;CCNB2;ORC6;CDC45;RACGAP1;RAD21;E2F1;RAD54L;E2F2;BUB1;PLK4;BARD1;GINS2;POLQ;STIL;UBE2C;PLK1;RPA2;CDC7;CDC6;NDC80;TPX2;CENPE;POLA2;CENPF;UBE2S;PRC1;KIF4A;TACC3;CDK1;EZH2;MAD2L1;CDKN3,down
MSigDB_Hallmark_2020,Mitotic Spindle,40/199,3.4464128159322066e-27,4.1356953791186485e-26,0,0,12.391533378028925,755.0466563094304,TOP2A;PIF1;TTK;KIF11;BRCA2;SMC4;KIF15;LMNB1;AURKA;CCNB2;RACGAP1;CNTRL;NUSAP1;NEK2;KNTC1;FBXO5;ECT2;BUB1;DLGAP5;PLK1;KIF23;KIF22;TUBA4A;NDC80;ANLN;TPX2;CENPE;CENPF;ESPL1;INCENP;PRC1;CENPJ;KIF4A;SASS6;GEMIN4;CDK1;CDC42EP1;BIRC5;KIF2C;KIF20B,down
MSigDB_Hallmark_2020,Spermatogenesis,14/135,1.458557010178455e-06,1.3127013091606095e-05,0,0,5.356749311294766,71.98433450705843,RPL39L;RFC4;TTK;NCAPH;AURKA;CCNB2;DBF4;CDK1;NEK2;KIF2C;TOPBP1;BUB1;EZH2;CDKN3,down
MSigDB_Hallmark_2020,DNA Repair,13/150,2.4525980099202995e-05,0.00017658705671426156,0,0,4.379163271321324,46.488223318824,RFC5;FEN1;RFC3;RFC4;ARL6IP1;RFC2;PRIM1;RPA2;ZWINT;POLA1;POLA2;RAD51;POLD1,down
MSigDB_Hallmark_2020,Myc Targets V2,7/58,0.000249868027333775,0.0014992081640026,0,0,6.272902603664416,52.031077863382286,PLK4;PLK1;PPAN;MCM4;MCM5;SLC29A2;UNG,down
MSigDB_Hallmark_2020,Estrogen Response Late,13/200,0.00044659468773012353,0.0020096760947855,0,0,3.2000076212735147,24.68440795277684,PLK4;TOP2A;GINS2;STIL;RNASEH2A;NXT1;XRCC3;EMP2;CDC6;CDC20;SULT2B1;IMPA2;KIF20A,down
MSigDB_Hallmark_2020,Myc Targets V1,13/200,0.00044659468773012353,0.0020096760947855,0,0,3.2000076212735147,24.68440795277684,RANBP1;RFC4;MCM7;CDC20;CCNA2;CDC45;CDK2;MCM4;MCM5;MCM6;KPNA2;MAD2L1;MCM2,down
MSigDB_Hallmark_2020,mTORC1 Signaling,11/200,0.0044246174870095,0.0176984699480383,0,0,2.666103793763368,14.45180610153789,NUP205;RRM2;CCNF;PLK1;MCM4;BUB1;TUBA4A;CDC25A;UNG;MCM2;AURKA,down
MSigDB_Hallmark_2020,UV Response Up,8/158,0.0222075707978881,0.0799472548723973,0,0,2.4307981220657275,9.254831219496124,CDKN1C;FEN1;RFC4;CDK2;TYRO3;GGH;FOSB;TUBA4A,down
MSigDB_Hallmark_2020,Apoptosis,6/161,0.1385480508316889,0.4373140214931096,0,0,1.7555924027735903,3.4699952302126658,TOP2A;WEE1;GADD45B;CDK2;HMGB2;BRCA1,down
MSigDB_Hallmark_2020,Glycolysis,7/200,0.1457713404977032,0.4373140214931096,0,0,1.6455448908519494,3.168852200662027,STMN1;DEPDC1;CDK1;SLC25A10;KIF20A;HMMR;AURKA,down
MSigDB_Hallmark_2020,PI3K/AKT/mTOR  Signaling,3/105,0.3992395906352048,0.9432890586354096,0,0,1.3282380237477822,1.2195796055618862,CDK2;CDK1;E2F1,down
MSigDB_Hallmark_2020,IL-2/STAT5 Signaling,5/199,0.4340546050187404,0.9432890586354096,0,0,1.1638189988705452,0.971305803268825,CDKN1C;GADD45B;LRRC8C;CDC6;SLC29A2,down
MSigDB_Hallmark_2020,TNF-alpha Signaling via NF-kB,5/200,0.4383072618975868,0.9432890586354096,0,0,1.1577909270216962,0.9549865989684038,PER1;TUBB2A;NR4A3;GADD45B;FOSB,down
